Date,Name,Year,Letterboxd URI
2022-03-27,The Killing of a Sacred Deer,2017,https://boxd.it/dZ5G
2022-04-03,Midsommar,2019,https://boxd.it/jhxe
2022-04-21,Everything Everywhere All at Once,2022,https://boxd.it/jUk4
2022-04-21,X,2022,https://boxd.it/sxVa
2022-04-22,Frank,2014,https://boxd.it/5hII
2022-04-25,The Northman,2022,https://boxd.it/nK2s
2022-04-25,The Batman,2022,https://boxd.it/eDGs
2022-04-25,Spider-Man: No Way Home,2021,https://boxd.it/nwRw
2022-04-25,Parasite,2019,https://boxd.it/hTha
2022-04-25,Dune,2021,https://boxd.it/fA7G
2022-04-25,Hereditary,2018,https://boxd.it/hNVe
2022-04-25,The Witch,2015,https://boxd.it/9X0m
2022-04-25,The Last Black Man in San Francisco,2019,https://boxd.it/iWAw
2022-04-25,Swiss Army Man,2016,https://boxd.it/bDG2
2022-04-25,Tusk,2014,https://boxd.it/7eoa
2022-04-25,Eighth Grade,2018,https://boxd.it/hDMG
2022-04-25,The Lobster,2015,https://boxd.it/7tnw
2022-04-25,Spirited Away,2001,https://boxd.it/2b4m
2022-04-25,The Shawshank Redemption,1994,https://boxd.it/2aHi
2022-04-25,Whiplash,2014,https://boxd.it/7bQA
2022-04-25,No Country for Old Men,2007,https://boxd.it/21ew
2022-04-27,Star Wars: Episode I – The Phantom Menace,1999,https://boxd.it/27Vc
2022-04-27,Star Wars: Episode II – Attack of the Clones,2002,https://boxd.it/27V2
2022-04-27,Star Wars: Episode III – Revenge of the Sith,2005,https://boxd.it/27US
2022-04-27,Star Wars,1977,https://boxd.it/72s
2022-04-27,Get Out,2017,https://boxd.it/eOCm
2022-04-27,Interstellar,2014,https://boxd.it/4VZ8
2022-04-27,Avengers: Infinity War,2018,https://boxd.it/9vEe
2022-04-27,Avengers: Endgame,2019,https://boxd.it/9vE4
2022-04-27,Black Panther,2018,https://boxd.it/8MHs
2022-04-27,Baby Driver,2017,https://boxd.it/bhF2
2022-04-27,The Matrix,1999,https://boxd.it/2a1m
2022-04-27,Guardians of the Galaxy,2014,https://boxd.it/3VH2
2022-04-27,The Truman Show,1998,https://boxd.it/18U8
2022-04-27,Django Unchained,2012,https://boxd.it/2cCk
2022-04-27,Arrival,2016,https://boxd.it/aNGk
2022-04-27,Kill Bill: Vol. 1,2003,https://boxd.it/70w
2022-04-27,Forrest Gump,1994,https://boxd.it/728
2022-04-27,Mad Max: Fury Road,2015,https://boxd.it/2DjO
2022-04-27,Spider-Man: Homecoming,2017,https://boxd.it/aboM
2022-04-27,Thor: Ragnarok,2017,https://boxd.it/8MHi
2022-04-27,Spider-Man: Far From Home,2019,https://boxd.it/fegG
2022-04-27,Marriage Story,2019,https://boxd.it/hJAw
2022-04-27,Us,2019,https://boxd.it/gnV6
2022-04-27,Deadpool,2016,https://boxd.it/9fOC
2022-04-27,The Avengers,2012,https://boxd.it/1xFW
2022-04-27,The Lord of the Rings: The Fellowship of the Ring,2001,https://boxd.it/2b5O
2022-04-27,Inside Out,2015,https://boxd.it/4KHC
2022-04-27,A Quiet Place,2018,https://boxd.it/fVJQ
2022-04-27,Ratatouille,2007,https://boxd.it/27ww
2022-04-27,Captain America: Civil War,2016,https://boxd.it/89Ja
2022-04-27,Guardians of the Galaxy Vol. 2,2017,https://boxd.it/8MxC
2022-04-27,Doctor Strange,2016,https://boxd.it/8MH8
2022-04-27,Up,2009,https://boxd.it/1OEc
2022-04-27,It,2017,https://boxd.it/bC8e
2022-04-27,Iron Man,2008,https://boxd.it/28dA
2022-04-27,WALL·E,2008,https://boxd.it/1VEo
2022-04-27,Captain America: The Winter Soldier,2014,https://boxd.it/3r58
2022-04-27,Harry Potter and the Prisoner of Azkaban,2004,https://boxd.it/29Qy
2022-04-27,Harry Potter and the Philosopher's Stone,2001,https://boxd.it/29QS
2022-04-27,The Incredibles,2004,https://boxd.it/1XLm
2022-04-27,Captain Marvel,2019,https://boxd.it/9vSA
2022-04-27,The Lord of the Rings: The Return of the King,2003,https://boxd.it/2b5u
2022-04-27,Avengers: Age of Ultron,2015,https://boxd.it/3qi6
2022-04-27,The Suicide Squad,2021,https://boxd.it/fw6O
2022-04-27,Shang-Chi and the Legend of the Ten Rings,2021,https://boxd.it/kLDI
2022-04-27,Good Will Hunting,1997,https://boxd.it/2ahY
2022-04-27,The Martian,2015,https://boxd.it/8SeG
2022-04-27,The Lord of the Rings: The Two Towers,2002,https://boxd.it/2b5E
2022-04-27,Finding Nemo,2003,https://boxd.it/72i
2022-04-27,Ant-Man,2015,https://boxd.it/3vmW
2022-04-27,"Monsters, Inc.",2001,https://boxd.it/2a46
2022-04-27,Captain America: The First Avenger,2011,https://boxd.it/28b0
2022-04-27,The Hateful Eight,2015,https://boxd.it/8gw8
2022-04-27,John Wick,2014,https://boxd.it/7dEc
2022-04-27,Harry Potter and the Chamber of Secrets,2002,https://boxd.it/29QI
2022-04-27,(500) Days of Summer,2009,https://boxd.it/1EmM
2022-04-27,Incredibles 2,2018,https://boxd.it/7IPg
2022-04-27,Avatar,2009,https://boxd.it/1Efm
2022-04-27,Deadpool 2,2018,https://boxd.it/dlLM
2022-04-27,Iron Man 3,2013,https://boxd.it/2cBQ
2022-04-27,Kill Bill: Vol. 2,2004,https://boxd.it/2au4
2022-04-27,Thor,2011,https://boxd.it/1WQU
2022-04-27,Suicide Squad,2016,https://boxd.it/9row
2022-04-27,Mean Girls,2004,https://boxd.it/1VNg
2022-04-27,Toy Story 3,2010,https://boxd.it/1WRe
2022-04-27,Iron Man 2,2010,https://boxd.it/1WZM
2022-04-27,The Hunger Games,2012,https://boxd.it/2uds
2022-04-27,Annihilation,2018,https://boxd.it/9yzm
2022-04-27,Ant-Man and the Wasp,2018,https://boxd.it/cqUW
2022-04-27,Snowpiercer,2013,https://boxd.it/3Icg
2022-04-27,The Great Gatsby,2013,https://boxd.it/JY
2022-04-27,Coraline,2009,https://boxd.it/1NhQ
2022-04-27,Moana,2016,https://boxd.it/8tfY
2022-04-27,The Nightmare Before Christmas,1993,https://boxd.it/1YzQ
2022-04-27,Die Hard,1988,https://boxd.it/2a7u
2022-04-27,Toy Story 2,1999,https://boxd.it/29qq
2022-04-27,Venom,2018,https://boxd.it/b8wA
2022-04-27,Thor: The Dark World,2013,https://boxd.it/2DqA
2022-04-27,Big Hero 6,2014,https://boxd.it/5rje
2022-04-27,Ready Player One,2018,https://boxd.it/aZes
2022-04-27,Train to Busan,2016,https://boxd.it/dSQU
2022-04-27,Frozen,2013,https://boxd.it/3GNa
2022-04-27,12 Years a Slave,2013,https://boxd.it/2D2e
2022-04-27,It Chapter Two,2019,https://boxd.it/h10u
2022-04-27,A Quiet Place Part II,2020,https://boxd.it/iTx0
2022-04-27,Zombieland,2009,https://boxd.it/1En6
2022-04-27,Twilight,2008,https://boxd.it/1Zui
2022-04-27,The Hunger Games: Catching Fire,2013,https://boxd.it/3sAw
2022-04-27,Gladiator,2000,https://boxd.it/2b9m
2022-04-27,Bo Burnham: Inside,2021,https://boxd.it/v2uy
2022-04-27,The Conjuring,2013,https://boxd.it/4sr2
2022-04-27,Jurassic World,2015,https://boxd.it/4n0g
2022-04-27,Bird Box,2018,https://boxd.it/eh1i
2022-04-27,John Wick: Chapter 2,2017,https://boxd.it/ayGu
2022-04-27,About Time,2013,https://boxd.it/43bI
2022-04-27,John Wick: Chapter 3 – Parabellum,2019,https://boxd.it/gmFw
2022-04-27,Finding Dory,2016,https://boxd.it/4aAA
2022-04-27,21 Jump Street,2012,https://boxd.it/J0
2022-04-27,Ready or Not,2019,https://boxd.it/kOf0
2022-04-27,Stand by Me,1986,https://boxd.it/2aOe
2022-04-27,10 Cloverfield Lane,2016,https://boxd.it/aZiu
2022-04-27,Cars,2006,https://boxd.it/29ho
2022-04-27,Now You See Me,2013,https://boxd.it/2Bsu
2022-04-27,Jumanji: Welcome to the Jungle,2017,https://boxd.it/bUeE
2022-04-27,Edge of Tomorrow,2014,https://boxd.it/4pD0
2022-04-27,Watchmen,2009,https://boxd.it/1QE4
2022-04-27,Hacksaw Ridge,2016,https://boxd.it/azew
2022-04-27,Monsters University,2013,https://boxd.it/bQm
2022-04-27,Kung Fu Panda,2008,https://boxd.it/1Yws
2022-04-27,The Hunger Games: Mockingjay – Part 1,2014,https://boxd.it/4hka
2022-04-27,Elf,2003,https://boxd.it/1VyK
2022-04-27,The Notebook,2004,https://boxd.it/1UNE
2022-04-27,The Platform,2019,https://boxd.it/mUm6
2022-04-27,Hidden Figures,2016,https://boxd.it/dgS4
2022-04-27,World War Z,2013,https://boxd.it/2p2E
2022-04-27,The Hunger Games: Mockingjay – Part 2,2015,https://boxd.it/4hk0
2022-04-27,Despicable Me,2010,https://boxd.it/1DD8
2022-04-27,Pacific Rim,2013,https://boxd.it/2cB2
2022-04-27,I Am Legend,2007,https://boxd.it/21DG
2022-04-27,Old,2021,https://boxd.it/npKI
2022-04-27,District 9,2009,https://boxd.it/1Iik
2022-04-27,Don't Breathe,2016,https://boxd.it/9yzw
2022-04-27,Lucy,2014,https://boxd.it/75hu
2022-04-27,Jumanji,1995,https://boxd.it/1ZLI
2022-04-27,Black Mirror: Bandersnatch,2018,https://boxd.it/kTDG
2022-04-27,The Maze Runner,2014,https://boxd.it/5YPM
2022-04-27,Matilda,1996,https://boxd.it/1VhY
2022-04-27,The Conjuring 2,2016,https://boxd.it/7GJg
2022-04-27,Zombieland: Double Tap,2019,https://boxd.it/bgb6
2022-04-27,Mr. & Mrs. Smith,2005,https://boxd.it/29CG
2022-04-27,The Fault in Our Stars,2014,https://boxd.it/6BQa
2022-04-27,Napoleon Dynamite,2004,https://boxd.it/20wu
2022-04-27,Happy Death Day,2017,https://boxd.it/fDz4
2022-04-27,Willy Wonka & the Chocolate Factory,1971,https://boxd.it/2aLu
2022-04-27,We're the Millers,2013,https://boxd.it/4srQ
2022-04-27,Passengers,2016,https://boxd.it/8lFu
2022-04-27,Transformers,2007,https://boxd.it/280c
2022-04-27,The Purge,2013,https://boxd.it/4Xg0
2022-04-27,Step Brothers,2008,https://boxd.it/1SsE
2022-04-27,Cloudy with a Chance of Meatballs,2009,https://boxd.it/1A40
2022-04-27,Divergent,2014,https://boxd.it/4VT0
2022-04-27,Now You See Me 2,2016,https://boxd.it/99fw
2022-04-27,Me Before You,2016,https://boxd.it/9n98
2022-04-27,Sinister,2012,https://boxd.it/2TnW
2022-04-27,The Karate Kid,1984,https://boxd.it/27Wk
2022-04-27,The Proposal,2009,https://boxd.it/1HiS
2022-04-27,Kung Fu Panda 2,2011,https://boxd.it/G36
2022-04-27,Neighbors,2014,https://boxd.it/5Txe
2022-04-27,The Hangover Part II,2011,https://boxd.it/PZI
2022-04-27,"Love, Rosie",2014,https://boxd.it/62hE
2022-04-27,"I, Robot",2004,https://boxd.it/27y8
2022-04-27,Life,2017,https://boxd.it/dRqG
2022-04-27,The Day After Tomorrow,2004,https://boxd.it/2aog
2022-04-27,Orphan,2009,https://boxd.it/1CgM
2022-04-27,Hancock,2008,https://boxd.it/1Zv6
2022-04-27,The Visit,2015,https://boxd.it/9ssO
2022-04-27,The Hunt,2020,https://boxd.it/iE9i
2022-04-27,Pitch Perfect 2,2015,https://boxd.it/7tNa
2022-04-27,In Time,2011,https://boxd.it/FPS
2022-04-27,Grown Ups,2010,https://boxd.it/169a
2022-04-29,Demon Slayer -Kimetsu no Yaiba- The Movie: Mugen Train,2020,https://boxd.it/nyLU
2022-05-01,Chronicle,2012,https://boxd.it/2Emk
2022-05-01,The Magnificent Seven,1960,https://boxd.it/29bA
2022-05-05,Free Guy,2021,https://boxd.it/k8dm
2022-05-05,Her,2013,https://boxd.it/4O24
2022-05-06,Spider-Man: Into the Spider-Verse,2018,https://boxd.it/azpY
2022-05-06,1917,2019,https://boxd.it/jj4y
2022-05-07,Holes,2003,https://boxd.it/20mE
2022-05-07,Guns Akimbo,2019,https://boxd.it/gkFu
2022-05-07,Inglourious Basterds,2009,https://boxd.it/1JzG
2022-05-07,Toy Story,1995,https://boxd.it/29qA
2022-05-07,Wreck-It Ralph,2012,https://boxd.it/2TTS
2022-05-07,Bee Movie,2007,https://boxd.it/22Vw
2022-05-07,Over the Hedge,2006,https://boxd.it/20QY
2022-05-07,Chicken Run,2000,https://boxd.it/20Xg
2022-05-07,Escape Room: Tournament of Champions,2021,https://boxd.it/lwCM
2022-05-08,8 Mile,2002,https://boxd.it/2bew
2022-05-08,Knives Out,2019,https://boxd.it/jWEA
2022-05-08,Candyman,2021,https://boxd.it/kHFg
2022-05-08,The Lighthouse,2019,https://boxd.it/icFU
2022-05-08,Odd Thomas,2013,https://boxd.it/5vJA
2022-05-09,The Grand Budapest Hotel,2014,https://boxd.it/3ZqO
2022-05-09,Charlie and the Chocolate Factory,2005,https://boxd.it/2b68
2022-05-09,The Cabin in the Woods,2011,https://boxd.it/1zOc
2022-05-09,Beetlejuice,1988,https://boxd.it/24QI
2022-05-09,The Lego Movie,2014,https://boxd.it/4pDO
2022-05-09,Ghostbusters,1984,https://boxd.it/g2w
2022-05-09,How to Train Your Dragon,2010,https://boxd.it/1WRy
2022-05-09,The Hangover,2009,https://boxd.it/1GjK
2022-05-09,The Green Mile,1999,https://boxd.it/2agG
2022-05-09,The Theory of Everything,2014,https://boxd.it/7YtA
2022-05-09,Kick-Ass,2010,https://boxd.it/1zaQ
2022-05-09,Looper,2012,https://boxd.it/ham
2022-05-09,Pitch Perfect,2012,https://boxd.it/3OsE
2022-05-09,Pitch Perfect 3,2017,https://boxd.it/bUre
2022-05-09,Saw,2004,https://boxd.it/2aWW
2022-05-09,Megamind,2010,https://boxd.it/16Sk
2022-05-09,Ted,2012,https://boxd.it/2pgc
2022-05-09,The Polar Express,2004,https://boxd.it/23am
2022-05-09,American Sniper,2014,https://boxd.it/5LDy
2022-05-09,Insidious,2010,https://boxd.it/H4k
2022-05-09,The Fast and the Furious,2001,https://boxd.it/1XMu
2022-05-09,Total Recall,1990,https://boxd.it/29qK
2022-05-11,Scott Pilgrim vs. the World,2010,https://boxd.it/1Aq6
2022-05-20,Maze Runner: The Death Cure,2018,https://boxd.it/bakw
2022-05-20,Maze Runner: The Scorch Trials,2015,https://boxd.it/9hwA
2022-05-20,Saving Private Ryan,1998,https://boxd.it/29ro
2022-05-22,Unbreakable,2000,https://boxd.it/1XV2
2022-05-22,Split,2016,https://boxd.it/dgSy
2022-05-22,Glass,2019,https://boxd.it/g3uO
2022-05-30,Raw,2016,https://boxd.it/dLd2
2022-06-28,Blade Runner,1982,https://boxd.it/2bcA
2022-06-28,Blade Runner 2049,2017,https://boxd.it/b8wK
2022-07-02,The Black Phone,2021,https://boxd.it/sqFE
2022-07-02,Kingsman: The Secret Service,2014,https://boxd.it/6dxe
2022-07-03,Kingsman: The Golden Circle,2017,https://boxd.it/buJm
2022-07-18,Thor: Love and Thunder,2022,https://boxd.it/mMAY
2022-07-25,Nope,2022,https://boxd.it/sDCe
2022-07-29,The Gray Man,2022,https://boxd.it/rb7q
2022-07-29,Upgrade,2018,https://boxd.it/i4gW
2022-08-05,Bullet Train,2022,https://boxd.it/qW26
2022-08-05,Jojo Rabbit,2019,https://boxd.it/iEBG
2022-08-05,Zathura: A Space Adventure,2005,https://boxd.it/21mq
2022-08-06,10 Things I Hate About You,1999,https://boxd.it/23AO
2022-08-06,The Empire Strikes Back,1980,https://boxd.it/27Vw
2022-08-06,Soul,2020,https://boxd.it/ioLA
2022-08-06,Little Miss Sunshine,2006,https://boxd.it/29EW
2022-08-06,Shrek,2001,https://boxd.it/29zi
2022-08-11,Total Recall,2012,https://boxd.it/Ro
2022-08-11,Elysium,2013,https://boxd.it/2cBm
2022-08-11,Skyline,2010,https://boxd.it/WhS
2022-08-12,Prey,2022,https://boxd.it/sNBU
2022-08-12,Diary of a Wimpy Kid,2010,https://boxd.it/1fUa
2022-08-12,Top Gun: Maverick,2022,https://boxd.it/cjr4
2022-08-14,Wrong Turn,2021,https://boxd.it/nmzi
2022-08-16,Full Metal Jacket,1987,https://boxd.it/2a1Q
2022-08-16,Tropic Thunder,2008,https://boxd.it/20WM
2022-08-18,The Social Network,2010,https://boxd.it/17ue
2022-08-18,Pan's Labyrinth,2006,https://boxd.it/28No
2022-08-18,Black Mirror: The National Anthem,2011,https://boxd.it/hQYK
2022-08-18,Black Mirror: Fifteen Million Merits,2011,https://boxd.it/hQYU
2022-08-18,Black Mirror: The Entire History of You,2011,https://boxd.it/hQZ4
2022-08-18,Black Mirror: Be Right Back,2013,https://boxd.it/hRpw
2022-08-18,Black Mirror: White Bear,2013,https://boxd.it/hRpG
2022-08-18,Black Mirror: The Waldo Moment,2013,https://boxd.it/hRpQ
2022-08-18,Black Mirror: White Christmas,2014,https://boxd.it/B3qu
2022-08-18,Black Mirror: Nosedive,2016,https://boxd.it/hK9G
2022-08-18,Black Mirror: Playtest,2016,https://boxd.it/hRR6
2022-08-18,Black Mirror: Shut Up and Dance,2016,https://boxd.it/hRRq
2022-08-18,Black Mirror: Men Against Fire,2016,https://boxd.it/hSBS
2022-08-18,Black Mirror: Hated in the Nation,2016,https://boxd.it/hSBI
2022-08-18,Black Mirror: USS Callister,2017,https://boxd.it/hQXi
2022-08-18,Black Mirror: Arkangel,2017,https://boxd.it/hQXW
2022-08-18,Black Mirror: Crocodile,2017,https://boxd.it/hRoS
2022-08-18,Black Mirror: Hang the DJ,2017,https://boxd.it/hQYA
2022-08-18,Black Mirror: Metalhead,2017,https://boxd.it/hRqk
2022-08-18,Black Mirror: Black Museum,2017,https://boxd.it/hRqu
2022-08-18,Black Mirror: Striking Vipers,2019,https://boxd.it/mlse
2022-08-18,Black Mirror: Smithereens,2019,https://boxd.it/mltc
2022-08-18,Logan,2017,https://boxd.it/7Piy
2022-08-18,Ferris Bueller's Day Off,1986,https://boxd.it/1YPY
2022-08-19,Fantastic Mr. Fox,2009,https://boxd.it/1WyQ
2022-08-19,Shutter Island,2010,https://boxd.it/1U82
2022-08-22,The Godfather,1972,https://boxd.it/2aNK
2022-08-22,The Godfather Part II,1974,https://boxd.it/2aNq
2022-08-22,The Breakfast Club,1985,https://boxd.it/27q4
2022-08-22,The Iron Giant,1999,https://boxd.it/1Wow
2022-08-22,BlacKkKlansman,2018,https://boxd.it/hxL8
2022-08-22,22 Jump Street,2014,https://boxd.it/5Fvy
2022-08-23,How to Train Your Dragon 2,2014,https://boxd.it/2TRW
2022-08-23,Lone Survivor,2013,https://boxd.it/5Qj4
2022-08-23,RoboCop,2014,https://boxd.it/3m4k
2022-08-24,Robots,2005,https://boxd.it/1Xve
2022-08-24,Princess Mononoke,1997,https://boxd.it/2b4w
2022-08-24,Pulp Fiction,1994,https://boxd.it/29Pq
2022-08-26,The Wolf of Wall Street,2013,https://boxd.it/3C1m
2022-08-27,Fight Club,1999,https://boxd.it/2a9q
2022-08-28,Crazy Rich Asians,2018,https://boxd.it/gfnK
2022-08-28,"Crazy, Stupid, Love.",2011,https://boxd.it/D9A
2022-08-29,Snowden,2016,https://boxd.it/9CWO
2022-08-30,Blade of the Immortal,2017,https://boxd.it/f5Pi
2022-08-30,The Wailing,2016,https://boxd.it/9fLy
2022-09-01,50 First Dates,2004,https://boxd.it/285c
2022-09-01,Donnie Darko,2001,https://boxd.it/2b2A
2022-09-01,Harry Potter and the Goblet of Fire,2005,https://boxd.it/29Qo
2022-09-02,Harry Potter and the Order of the Phoenix,2007,https://boxd.it/29Qe
2022-09-02,Harry Potter and the Half-Blood Prince,2009,https://boxd.it/29FU
2022-09-04,The Descent,2005,https://boxd.it/1YNy
2022-09-05,Little Women,2019,https://boxd.it/aSVk
2022-09-06,Harry Potter and the Deathly Hallows: Part 2,2011,https://boxd.it/1RYk
2022-09-06,Harry Potter and the Deathly Hallows: Part 1,2010,https://boxd.it/1RYu
2022-09-07,The Man from Nowhere,2010,https://boxd.it/AZy
2022-09-08,Free Solo,2018,https://boxd.it/iEEq
2022-09-08,Black Hawk Down,2001,https://boxd.it/29rI
2022-09-08,Inception,2010,https://boxd.it/1skk
2022-09-11,Barbarian,2022,https://boxd.it/yohi
2022-09-11,DodgeBall: A True Underdog Story,2004,https://boxd.it/1YAY
2022-09-13,The Boondock Saints,1999,https://boxd.it/20gw
2022-09-13,Batman Begins,2005,https://boxd.it/2aIg
2022-09-13,The Bourne Ultimatum,2007,https://boxd.it/26Eu
2022-09-13,The Dark Knight,2008,https://boxd.it/2b0k
2022-09-13,It Follows,2014,https://boxd.it/87wo
2022-09-14,The Dark Knight Rises,2012,https://boxd.it/H3m
2022-09-14,Paterson,2016,https://boxd.it/cRk2
2022-09-21,After Yang,2021,https://boxd.it/lx5a
2022-09-26,The Ring,2002,https://boxd.it/2a70
2022-09-28,Schindler's List,1993,https://boxd.it/2aq2
2022-10-02,Do Revenge,2022,https://boxd.it/sFiA
2022-10-04,Smile,2022,https://boxd.it/xjfE
2022-10-05,Sicario,2015,https://boxd.it/8i7u
2022-10-11,American Psycho,2000,https://boxd.it/28Vs
2022-10-11,The Departed,2006,https://boxd.it/28MA
2022-10-24,Drive,2011,https://boxd.it/IG
2022-10-25,Superbad,2007,https://boxd.it/20hO
2022-10-27,The Nice Guys,2016,https://boxd.it/94Hg
2022-10-29,Prisoners,2013,https://boxd.it/4E5i
2022-11-01,Gone Girl,2014,https://boxd.it/6hQu
2022-11-04,The Tomorrow War,2021,https://boxd.it/lE78
2022-11-04,Spiderhead,2022,https://boxd.it/mLsO
2022-11-06,The Karate Kid,2010,https://boxd.it/15HA
2022-11-09,The Ballad of Buster Scruggs,2018,https://boxd.it/jB2q
2022-11-15,Weird: The Al Yankovic Story,2022,https://boxd.it/yYZA
2022-11-21,The Menu,2022,https://boxd.it/lScm
2022-11-21,Don't Worry Darling,2022,https://boxd.it/mViu
2022-12-05,Pearl,2022,https://boxd.it/zPbe
2022-12-19,Avatar: The Way of Water,2022,https://boxd.it/2E2E
2022-12-20,Brightburn,2019,https://boxd.it/jk58
2022-12-20,RRR,2022,https://boxd.it/ljDs
2022-12-20,The Blind Side,2009,https://boxd.it/1zWg
2022-12-21,Memories of Murder,2003,https://boxd.it/1TSo
2022-12-22,Dallas Buyers Club,2013,https://boxd.it/4O8G
2022-12-24,Glass Onion,2022,https://boxd.it/oCkK
2022-12-26,GoodFellas,1990,https://boxd.it/29FA
2022-12-27,Eternal Sunshine of the Spotless Mind,2004,https://boxd.it/6YK
2023-01-01,King Richard,2021,https://boxd.it/mJZ2
2023-01-01,The Accountant,2016,https://boxd.it/9EhI
2023-01-01,Violent Night,2022,https://boxd.it/xXBA
2023-01-04,Bodies Bodies Bodies,2022,https://boxd.it/iRcE
2023-01-05,Amsterdam,2022,https://boxd.it/oJ58
2023-01-10,The Banshees of Inisherin,2022,https://boxd.it/p7XS
2023-01-11,Bones and All,2022,https://boxd.it/tLd4
2023-01-17,Come and See,1985,https://boxd.it/1w9q
2023-01-17,Home Alone,1990,https://boxd.it/29Fg
2023-01-17,The Lion King,1994,https://boxd.it/201Q
2023-01-17,Joker,2019,https://boxd.it/h4cS
2023-01-21,I Saw the Devil,2010,https://boxd.it/FaK
2023-01-29,The Prestige,2006,https://boxd.it/293w
2023-02-04,Bright,2017,https://boxd.it/e1H8
2023-02-05,Fury,2014,https://boxd.it/6JwC
2023-02-10,Uncut Gems,2019,https://boxd.it/gXGc
2023-02-10,La La Land,2016,https://boxd.it/a5fa
2023-02-12,Pitch Black,2000,https://boxd.it/26iS
2023-02-12,The Chronicles of Riddick,2004,https://boxd.it/26iy
2023-02-12,Riddick,2013,https://boxd.it/35Jq
2023-02-18,The Shining,1980,https://boxd.it/29Nu
2023-02-18,Catch Me If You Can,2002,https://boxd.it/29VS
2023-02-19,Terminator 2: Judgment Day,1991,https://boxd.it/2aGY
2023-02-19,Return of the Jedi,1983,https://boxd.it/27Vm
2023-02-25,Se7en,1995,https://boxd.it/29zs
2023-02-25,Before Sunrise,1995,https://boxd.it/2bcU
2023-02-26,Before Sunset,2004,https://boxd.it/2bcg
2023-02-27,Before Midnight,2013,https://boxd.it/4ive
2023-03-03,The Equalizer 2,2018,https://boxd.it/bAEW
2023-03-03,The Equalizer,2014,https://boxd.it/4TUK
2023-03-04,Children of Men,2006,https://boxd.it/1Y2i
2023-03-06,Moonrise Kingdom,2012,https://boxd.it/2Wng
2023-03-11,Mad Max,1979,https://boxd.it/1Y7i
2023-03-11,Mad Max 2,1981,https://boxd.it/1ZPg
2023-03-11,Mad Max Beyond Thunderdome,1985,https://boxd.it/1YTm
2023-03-11,The Whale,2022,https://boxd.it/tw4c
2023-03-12,Puss in Boots: The Last Wish,2022,https://boxd.it/aaie
2023-03-28,John Wick: Chapter 4,2023,https://boxd.it/mh48
2023-03-28,Law Abiding Citizen,2009,https://boxd.it/1A2I
2023-03-30,Infinity Pool,2023,https://boxd.it/oPSK
2023-03-30,Rango,2011,https://boxd.it/QPk
2023-04-01,Titanic,1997,https://boxd.it/2a2k
2023-04-10,How to Lose a Guy in 10 Days,2003,https://boxd.it/1XwG
2023-04-10,Kung Fu Panda 3,2016,https://boxd.it/4uRQ
2023-04-13,Project X,2012,https://boxd.it/neO
2023-04-19,Jarhead,2005,https://boxd.it/70m
2023-04-20,Nightcrawler,2014,https://boxd.it/780m
2023-04-20,Akira,1988,https://boxd.it/2b1i
2023-04-21,Sky High,2005,https://boxd.it/1TNI
2023-04-21,The Thing,1982,https://boxd.it/294O
2023-04-21,Bloodsport,1988,https://boxd.it/1Tee
2023-04-22,Evil Dead Rise,2023,https://boxd.it/qIvo
2023-04-22,TÁR,2022,https://boxd.it/uNIA
2023-04-22,Aftersun,2022,https://boxd.it/Arw0
2023-04-23,Once Upon a Time... in Hollywood,2019,https://boxd.it/gH0O
2023-04-25,The One,2001,https://boxd.it/1Vni
2023-04-28,Alien,1979,https://boxd.it/2awY
2023-04-28,Nerve,2016,https://boxd.it/aJIc
2023-04-28,Training Day,2001,https://boxd.it/27A4
2023-04-30,School of Rock,2003,https://boxd.it/28xK
2023-05-05,La Haine,1995,https://boxd.it/2as8
2023-05-05,There Will Be Blood,2007,https://boxd.it/20Z2
2023-05-06,Reservoir Dogs,1992,https://boxd.it/2agc
2023-05-07,Guardians of the Galaxy Vol. 3,2023,https://boxd.it/fVNI
2023-05-19,The Raid,2011,https://boxd.it/3hBy
2023-05-22,One Flew Over the Cuckoo's Nest,1975,https://boxd.it/2aeA
2023-05-28,Lake Mungo,2008,https://boxd.it/1rWM
2023-06-03,Game Night,2018,https://boxd.it/fRtu
2023-06-09,Dungeons & Dragons: Honor Among Thieves,2023,https://boxd.it/hN1A
2023-06-09,The Royal Tenenbaums,2001,https://boxd.it/1YHU
2023-06-09,Baywatch,2017,https://boxd.it/biG6
2023-06-09,That Awkward Moment,2014,https://boxd.it/6Ftu
2023-06-11,The Favourite,2018,https://boxd.it/d2hI
2023-06-11,The Hunt,2012,https://boxd.it/3wEC
2023-06-16,The Greatest Showman,2017,https://boxd.it/acjI
2023-06-17,In the Mood for Love,2000,https://boxd.it/29tE
2023-06-22,A Trip to the Moon,1902,https://boxd.it/29EC
2023-06-22,The SpongeBob SquarePants Movie,2004,https://boxd.it/1SYq
2023-06-24,The Great Train Robbery,1903,https://boxd.it/22JU
2023-06-25,Signs,2002,https://boxd.it/26t2
2023-06-28,Zoolander,2001,https://boxd.it/1YMA
2023-07-01,Tombstone,1993,https://boxd.it/1SE6
2023-07-01,The Girl with the Dragon Tattoo,2011,https://boxd.it/2Pa
2023-07-02,Ex Machina,2015,https://boxd.it/7T2k
2023-07-02,The Crazies,2010,https://boxd.it/1nvW
2023-07-02,Asteroid City,2023,https://boxd.it/s3ds
2023-07-07,Fast Five,2011,https://boxd.it/BgO
2023-07-07,Fast & Furious,2009,https://boxd.it/1Pnm
2023-07-11,Insidious: The Red Door,2023,https://boxd.it/mIIu
2023-07-12,Scarface,1983,https://boxd.it/2b7g
2023-07-17,Grown Ups 2,2013,https://boxd.it/3GAq
2023-07-23,Barbie,2023,https://boxd.it/bCLK
2023-07-23,Oppenheimer,2023,https://boxd.it/wUow
2023-07-26,The Big Short,2015,https://boxd.it/ajZw
2023-07-26,Ford v Ferrari,2019,https://boxd.it/ce74
2023-07-27,The Taking of Deborah Logan,2014,https://boxd.it/9r3o
2023-07-31,The Magnificent Seven,2016,https://boxd.it/aZAy
2023-07-31,Fargo,1996,https://boxd.it/2aHM
2023-08-03,Taxi Driver,1976,https://boxd.it/2b8y
2023-08-05,Minari,2020,https://boxd.it/mL9M
2023-08-06,Talk to Me,2022,https://boxd.it/C6uQ
2023-08-10,Sound of Metal,2019,https://boxd.it/i7Q4
2023-08-11,Bridesmaids,2011,https://boxd.it/rac
2023-08-17,The Silence of the Lambs,1991,https://boxd.it/2aHW
2023-09-05,Ghostland,2018,https://boxd.it/h5Uw
2023-09-12,Hoodwinked!,2005,https://boxd.it/1UVS
2023-09-19,The Raid 2,2014,https://boxd.it/5uz0
2023-09-20,Hero,2002,https://boxd.it/2bcq
2023-09-20,Rogue One: A Star Wars Story,2016,https://boxd.it/aPvy
2023-09-22,Chungking Express,1994,https://boxd.it/1UDa
2023-09-24,Heat,1995,https://boxd.it/2bg8
2023-09-27,Extraction,2020,https://boxd.it/jUjA
2023-09-27,Extraction 2,2023,https://boxd.it/q4Zo
2023-09-29,Beau Is Afraid,2023,https://boxd.it/u2gE
2023-09-30,The Autopsy of Jane Doe,2016,https://boxd.it/dUu2
2023-10-01,12 Angry Men,1957,https://boxd.it/2auI
2023-10-03,Memento,2000,https://boxd.it/2bcK
2023-10-03,The Creator,2023,https://boxd.it/oXWq
2023-10-03,The Handmaiden,2016,https://boxd.it/948A
2023-10-12,The Matrix Reloaded,2003,https://boxd.it/2a1c
2023-10-18,"The Good, the Bad and the Ugly",1966,https://boxd.it/2ape
2023-10-22,Léon: The Professional,1994,https://boxd.it/2b8S
2023-10-22,Hunt for the Wilderpeople,2016,https://boxd.it/cTgG
2023-10-22,80 for Brady,2023,https://boxd.it/zz3e
2023-10-23,The Purge: Election Year,2016,https://boxd.it/ae5I
2023-10-23,End of Watch,2012,https://boxd.it/2F5O
2023-10-23,Sing,2016,https://boxd.it/b5EQ
2023-10-23,Sing 2,2021,https://boxd.it/fAnE
2023-10-23,Collateral,2004,https://boxd.it/28F0
2023-10-23,Frances Ha,2012,https://boxd.it/41Xg
2023-10-23,What We Do in the Shadows,2014,https://boxd.it/7eQy
2023-10-25,Mission: Impossible,1996,https://boxd.it/29d2
2023-10-28,Mission: Impossible III,2006,https://boxd.it/29cI
2023-10-29,Mission: Impossible – Ghost Protocol,2011,https://boxd.it/psI
2023-10-29,Mission: Impossible II,2000,https://boxd.it/29cS
2023-10-29,Five Nights at Freddy's,2023,https://boxd.it/ikHu
2023-11-03,Spider-Man: Across the Spider-Verse,2023,https://boxd.it/kSz4
2023-11-03,Mission: Impossible – Rogue Nation,2015,https://boxd.it/5rI4
2023-11-03,The Sixth Sense,1999,https://boxd.it/29Js
2023-11-03,Black Panther: Wakanda Forever,2022,https://boxd.it/igPu
2023-11-03,Mission: Impossible – Fallout,2018,https://boxd.it/bSVc
2023-11-04,Encanto,2021,https://boxd.it/kPRu
2023-11-04,How to Train Your Dragon: The Hidden World,2019,https://boxd.it/5a9w
2023-11-04,Howl's Moving Castle,2004,https://boxd.it/23De
2023-11-04,All Quiet on the Western Front,2022,https://boxd.it/H08
2023-11-07,Boogie Nights,1997,https://boxd.it/23um
2023-11-07,The Longest Yard,2005,https://boxd.it/1Z3c
2023-11-08,Rocky,1976,https://boxd.it/28Uk
2023-11-08,The Fighter,2010,https://boxd.it/PP4
2023-11-11,Southpaw,2015,https://boxd.it/9Phu
2023-11-13,The Killer,2023,https://boxd.it/u6WE
2023-11-14,M3GAN,2022,https://boxd.it/jxmG
2023-11-22,Inside Llewyn Davis,2013,https://boxd.it/34Ro
2023-11-27,Sword of the Stranger,2007,https://boxd.it/1OZE
2023-12-05,Downsizing,2017,https://boxd.it/9Ajq
2023-12-05,Past Lives,2023,https://boxd.it/oNB8
2023-12-06,Die Hard 2,1990,https://boxd.it/28zw
2023-12-06,Sausage Party,2016,https://boxd.it/6CCe
2023-12-06,American History X,1998,https://boxd.it/2bdo
2023-12-10,Boyz n the Hood,1991,https://boxd.it/29Ug
2023-12-10,2 Fast 2 Furious,2003,https://boxd.it/2a4g
2023-12-10,Four Brothers,2005,https://boxd.it/20o6
2023-12-11,Air,2023,https://boxd.it/Arlc
2023-12-13,Godzilla Minus One,2023,https://boxd.it/zu4c
2023-12-17,Leave the World Behind,2023,https://boxd.it/re0i
2023-12-17,Oldboy,2003,https://boxd.it/29R2
2023-12-17,The Age of Adaline,2015,https://boxd.it/9ghu
2023-12-18,Monty Python and the Holy Grail,1975,https://boxd.it/29GI
2023-12-20,May December,2023,https://boxd.it/vEE2
2023-12-21,No Hard Feelings,2023,https://boxd.it/xouu
2023-12-21,A Knight's Tale,2001,https://boxd.it/1YAk
2023-12-21,Hitch,2005,https://boxd.it/205o
2023-12-22,Into the Wild,2007,https://boxd.it/22m2
2023-12-23,Anchorman: The Legend of Ron Burgundy,2004,https://boxd.it/1ZVo
2023-12-23,The Big Lebowski,1998,https://boxd.it/2b6C
2023-12-24,Love Actually,2003,https://boxd.it/2aeU
2023-12-24,Burning,2018,https://boxd.it/hHUa
2023-12-24,Life Is Beautiful,1997,https://boxd.it/29Wm
2023-12-25,The Hunger Games: The Ballad of Songbirds & Snakes,2023,https://boxd.it/pZCY
2023-12-26,Shoplifters,2018,https://boxd.it/ifY6
2023-12-28,The Ridiculous 6,2015,https://boxd.it/bFXk
2023-12-29,The Twilight Saga: New Moon,2009,https://boxd.it/1Hj2
2023-12-29,The Twilight Saga: Eclipse,2010,https://boxd.it/1ytW
2023-12-29,The Twilight Saga: Breaking Dawn – Part 2,2012,https://boxd.it/DdC
2023-12-29,The Twilight Saga: Breaking Dawn – Part 1,2011,https://boxd.it/DdM
2023-12-30,My Neighbor Totoro,1988,https://boxd.it/20eA
2023-12-30,When Harry Met Sally...,1989,https://boxd.it/29W2
2024-01-02,The Holdovers,2023,https://boxd.it/vHza
2024-01-02,San Andreas,2015,https://boxd.it/7sUa
2024-01-03,Teenage Mutant Ninja Turtles: Mutant Mayhem,2023,https://boxd.it/mK0a
2024-01-04,The Boy and the Heron,2023,https://boxd.it/ipeM
2024-01-04,Poor Things,2023,https://boxd.it/tNWU
2024-01-06,Birdman or (The Unexpected Virtue of Ignorance),2014,https://boxd.it/5RFA
2024-01-09,Paths of Glory,1957,https://boxd.it/29b6
2024-01-09,"Are You There God? It's Me, Margaret.",2023,https://boxd.it/kiYC
2024-01-10,The Iron Claw,2023,https://boxd.it/w5Pm
2024-01-11,Notting Hill,1999,https://boxd.it/2aeK
2024-01-19,Shane Gillis: Beautiful Dogs,2023,https://boxd.it/Ijri
2024-01-19,Mark Normand: Soup to Nuts,2023,https://boxd.it/HJos
2024-01-20,Anatomy of a Fall,2023,https://boxd.it/yuDE
2024-01-23,Killers of the Flower Moon,2023,https://boxd.it/gHp0
2024-03-01,Thanksgiving,2023,https://boxd.it/EviY
2024-03-02,Fallen Leaves,2023,https://boxd.it/Bgew
2024-03-02,Society of the Snow,2023,https://boxd.it/y9aw
2024-03-03,Dune: Part Two,2024,https://boxd.it/pUfA
2024-03-13,Anchorman 2: The Legend Continues,2013,https://boxd.it/3GNk
2024-03-13,A Clockwork Orange,1971,https://boxd.it/2aVE
2024-03-14,Anyone But You,2023,https://boxd.it/EzA8
2024-03-14,The Other Guys,2010,https://boxd.it/1rtq
2024-03-15,Shaun of the Dead,2004,https://boxd.it/29J8
2024-03-15,The Sandlot,1993,https://boxd.it/1TDy
2024-03-15,The Florida Project,2017,https://boxd.it/dMG0
2024-03-16,The Babysitter,2017,https://boxd.it/eP1w
2024-03-16,Mulholland Drive,2001,https://boxd.it/297o
2024-03-16,Forgetting Sarah Marshall,2008,https://boxd.it/1XEq
2024-03-23,Road House,2024,https://boxd.it/cdzQ
2024-03-23,Moneyball,2011,https://boxd.it/glS
2024-04-05,Marcel the Shell with Shoes On,2021,https://boxd.it/wMAk
2024-04-06,Ender's Game,2013,https://boxd.it/2N9Y
2024-04-10,Gran Torino,2008,https://boxd.it/1Qzy
2024-04-14,Creed,2015,https://boxd.it/a2qk
2024-04-14,Civil War,2024,https://boxd.it/z1jW
2024-04-16,Monkey Man,2024,https://boxd.it/kvsO
2024-05-05,Baby Reindeer,2024,https://boxd.it/MwSa
2024-05-18,The Strangers,2008,https://boxd.it/1VGY
2024-06-04,Furiosa: A Mad Max Saga,2024,https://boxd.it/tABk
2024-06-04,Magnolia,1999,https://boxd.it/2aze
2024-06-21,Hit Man,2023,https://boxd.it/ANB2
2024-06-26,Aliens,1986,https://boxd.it/29PA
2024-06-27,"Crouching Tiger, Hidden Dragon",2000,https://boxd.it/2b1M
2024-06-28,Inside Out 2,2024,https://boxd.it/CFrC
2024-06-29,Kung Fu Hustle,2004,https://boxd.it/1YBi
2024-06-30,The Zone of Interest,2023,https://boxd.it/gJsA
2024-07-01,Sing Street,2016,https://boxd.it/cOo6
2024-07-03,A Bug's Life,1998,https://boxd.it/1Yyy
2024-07-03,The Usual Suspects,1995,https://boxd.it/29XE
2024-07-06,Ghost in the Shell,1995,https://boxd.it/1YYc
2024-07-12,Blue Valentine,2010,https://boxd.it/MxG
2024-07-15,Nobody,2021,https://boxd.it/mLqS
2024-07-16,Challengers,2024,https://boxd.it/zld0
2024-07-16,The Invitation,2015,https://boxd.it/9OUU
2024-07-18,Longlegs,2024,https://boxd.it/KzLM
2024-07-19,Warrior,2011,https://boxd.it/i3G
2024-07-21,The Revenant,2015,https://boxd.it/8H5e
2024-07-22,"Paris, Texas",1984,https://boxd.it/29Ts
2024-07-23,Land of Bad,2024,https://boxd.it/ACqW
2024-07-26,Real Steel,2011,https://boxd.it/147m
2024-07-26,Twister,1996,https://boxd.it/29S0
2024-07-28,Guy Ritchie's The Covenant,2023,https://boxd.it/xjcK
2024-07-30,Bone Tomahawk,2015,https://boxd.it/9kiw
2024-07-30,Secondhand Lions,2003,https://boxd.it/1QHC
2024-07-31,Armageddon,1998,https://boxd.it/2b9Q
2024-08-01,First Reformed,2017,https://boxd.it/go9C
2024-08-05,Deadpool & Wolverine,2024,https://boxd.it/jq8s
2024-08-08,Neon Genesis Evangelion: The End of Evangelion,1997,https://boxd.it/1GRM
2024-08-08,Neon Genesis Evangelion,1995,https://boxd.it/ptEI
2024-08-12,Normal People,2020,https://boxd.it/q2VY
2024-08-13,Top Gun,1986,https://boxd.it/29JC
2024-08-13,The Last Airbender,2010,https://boxd.it/1WQK
2024-08-14,Portrait of a Lady on Fire,2019,https://boxd.it/jkPq
2024-08-14,The Outsiders,1983,https://boxd.it/2aPw
2024-08-21,Alien: Romulus,2024,https://boxd.it/zGqO
2024-08-22,Casino,1995,https://boxd.it/2ads
2024-08-27,Prometheus,2012,https://boxd.it/2s9e
2024-08-27,Alien: Covenant,2017,https://boxd.it/49UY
2024-09-05,Persona,1966,https://boxd.it/29B4
2024-09-22,Bedknobs and Broomsticks,1971,https://boxd.it/1S4W
2024-09-22,Fresh,2022,https://boxd.it/tCNi
2024-09-22,White Chicks,2004,https://boxd.it/1SpK
2024-10-05,Man on Fire,2004,https://boxd.it/1Yvk
2024-10-06,Grave of the Fireflies,1988,https://boxd.it/1RUM
2024-10-13,The Wild Robot,2024,https://boxd.it/IWFy
2024-12-01,Do the Right Thing,1989,https://boxd.it/29gA
2024-12-12,The Holiday,2006,https://boxd.it/28ye
2024-12-23,Transformers One,2024,https://boxd.it/q7bc
2024-12-24,The Girl with All the Gifts,2016,https://boxd.it/d2lg
2024-12-24,Trap,2024,https://boxd.it/D4nK
2024-12-24,Carry-On,2024,https://boxd.it/C0B2
2024-12-24,The Substance,2024,https://boxd.it/zanS
2024-12-24,#Alive,2020,https://boxd.it/mJl2
2024-12-25,A Quiet Place: Day One,2024,https://boxd.it/sDAi
2024-12-25,Smile 2,2024,https://boxd.it/FDA4
2024-12-31,American Pie,1999,https://boxd.it/27qy
2024-12-31,American Pie 2,2001,https://boxd.it/26kO
2025-01-07,The Graduate,1967,https://boxd.it/18Im
2025-01-21,Cyberpunk: Edgerunners,2022,https://boxd.it/COP4
2025-01-21,The Fall Guy,2024,https://boxd.it/s0Bm
2025-01-21,Speak No Evil,2024,https://boxd.it/G9f8
2025-01-30,Gladiator II,2024,https://boxd.it/kqQQ
2025-01-30,Zodiac,2007,https://boxd.it/27MO
2025-01-30,Dinner in America,2020,https://boxd.it/oinu
2025-01-30,Inside Man,2006,https://boxd.it/2auS
2025-04-06,Super 8,2011,https://boxd.it/dVI
2025-04-06,The Gorge,2025,https://boxd.it/zRqK
2025-04-19,The Little Mermaid,2023,https://boxd.it/fVum
2025-06-20,Chinatown,1974,https://boxd.it/29vU
2025-06-20,A Christmas Story,1983,https://boxd.it/29sw
2025-07-07,Coco,2017,https://boxd.it/bYJQ
2025-07-07,Mickey 17,2025,https://boxd.it/q1Dk
2025-07-07,Sinners,2025,https://boxd.it/KQMM
2025-07-14,Superman,2025,https://boxd.it/E9IU
2025-07-17,Les Misérables,2012,https://boxd.it/2TT4
2025-07-27,28 Days Later,2002,https://boxd.it/2aXU
2025-07-27,When Evil Lurks,2023,https://boxd.it/rXBe
2025-07-27,Ring,1998,https://boxd.it/26tw
2025-07-27,Would You Rather,2012,https://boxd.it/3m0W
2025-07-28,Eden Lake,2008,https://boxd.it/1Q1m
2025-08-06,Nosferatu,2024,https://boxd.it/f5eG
2025-08-12,The 5th Wave,2016,https://boxd.it/9wbi
2025-08-13,Weapons,2025,https://boxd.it/EMTM
2025-08-16,Noroi: The Curse,2005,https://boxd.it/1BN6
2025-09-28,Demon Slayer: Kimetsu no Yaiba Infinity Castle,2025,https://boxd.it/O1GQ
2025-10-06,A Complete Unknown,2024,https://boxd.it/oBYa
2025-10-06,The Princess Bride,1987,https://boxd.it/26EY
2025-10-06,The Town,2010,https://boxd.it/1zyS
2025-10-06,Apocalypse Now,1979,https://boxd.it/6ZS
2025-10-09,The Smashing Machine,2025,https://boxd.it/syUC
2025-10-09,The Long Walk,2025,https://boxd.it/mic8
2025-10-11,TRON: Legacy,2010,https://boxd.it/1Dlo
2025-10-14,Alita: Battle Angel,2019,https://boxd.it/e0rS
2025-10-14,The Fly,1986,https://boxd.it/1YIe
2025-10-14,KPop Demon Hunters,2025,https://boxd.it/ufwK
2025-10-14,The Green Knight,2021,https://boxd.it/kuy2
2025-10-14,Pig,2021,https://boxd.it/nzoW
2025-10-15,One Battle After Another,2025,https://boxd.it/DUHM
2025-10-16,The Woman in Cabin 10,2025,https://boxd.it/NfTM
2025-10-19,Jaws,1975,https://boxd.it/2a5e
2025-10-24,RED,2010,https://boxd.it/13uu
2025-10-24,RED 2,2013,https://boxd.it/4E4E
2025-10-28,Chainsaw Man – The Movie: Reze Arc,2025,https://boxd.it/Kgyu
2025-11-07,Predator: Badlands,2025,https://boxd.it/LeK6
2025-11-08,Holidate,2020,https://boxd.it/mLcc
2025-11-14,Star Wars: The Force Awakens,2015,https://boxd.it/4vru
2025-11-14,Star Wars: The Last Jedi,2017,https://boxd.it/5xme
2025-11-23,Anora,2024,https://boxd.it/Egcw
2025-11-23,Unbroken,2014,https://boxd.it/6IaA
2025-11-26,Man of Steel,2013,https://boxd.it/FRk
2025-11-26,Cowboys & Aliens,2011,https://boxd.it/F2G
2025-12-08,Five Nights at Freddy's 2,2025,https://boxd.it/KEvY
2025-12-08,Eternals,2021,https://boxd.it/j36o
2025-12-09,3:10 to Yuma,2007,https://boxd.it/23g0
2025-12-09,Manchester by the Sea,2016,https://boxd.it/b2L0
2025-12-09,Hamnet,2025,https://boxd.it/woVy
2025-12-10,28 Years Later,2025,https://boxd.it/FEGM
2025-12-15,Wake Up Dead Man,2025,https://boxd.it/uAKS
2025-12-20,The Housemaid,2025,https://boxd.it/QFEO
2025-12-21,Warfare,2025,https://boxd.it/LbRo
2025-12-23,Klaus,2019,https://boxd.it/ipoi
2025-12-23,Companion,2025,https://boxd.it/F04o
2025-12-24,Snatch,2000,https://boxd.it/2b7U
2025-12-27,Marty Supreme,2025,https://boxd.it/Off0
2026-01-03,Avatar: Fire and Ash,2025,https://boxd.it/2W7s
2026-01-05,Stranger Things 5: The Finale,2025,https://boxd.it/YqXW
2026-01-10,The Naked Gun,2025,https://boxd.it/Da9k
2026-01-10,People We Meet on Vacation,2026,https://boxd.it/D8ME
2026-01-11,The King,2019,https://boxd.it/ieZs
2026-01-11,Cure,1997,https://boxd.it/1blA
2026-02-03,Iron Lung,2026,https://boxd.it/GdtI
2026-02-05,Bring Her Back,2025,https://boxd.it/Hxlc
2026-02-05,Night at the Museum,2006,https://boxd.it/28wi
2026-02-05,HIS & HERS,2026,https://boxd.it/103iK
